"ISSN","WH.","Location","Product ID","Curr Qty","Created Date","Company ID","Status","SSN Description"
27900204,"FX","RD000003","avo005",144,"2008-04-16 16:00:02","WOOL","DX","Avocado 22 5kg Shepard  "
27890207,"FX","DDFS0000","str003",40,"2008-04-16 15:26:40","FPGIMPORTS","DS","Strawberry USA 12 x 250gm   "
27880202,"FX","DDFS0000","str003",90,"2008-04-16 15:10:48","FPGIMPORTS","DS","Strawberry USA 12 x 250gm"
27880101,"FX","DDFS0000","str005",96,"2008-04-16 15:10:14","FPGIMPORTS","DX","Strawberry USA Pint 5kg"
27835214,"FX","DDFS0000","tes002",8,"2008-04-15 08:21:01","TEST","DS","Fruit - test test test test   "
27835213,"FX","DDFS0000","tes002",12,"2008-04-15 08:19:31","TEST","DS","Fruit - test test test test   "
27835212,"FX","DDFS0000","tes002",10,"2008-04-15 08:18:16","TEST","DX","Fruit - test test test test   "
27835111,"FX","DDFS0000","tes001",7,"2008-04-15 08:16:27","TEST","DX","Fruit - test test test test   "
27835110,"FX","DDFS0000","tes001",10,"2008-04-15 08:15:14","TEST","DX","Fruit - test test test test   "
27835109,"FX","DDFS0000","tes001",18,"2008-04-15 08:13:37","TEST","DX","Fruit - test test test test   "
27820112,"FX","RD000002","gar012",98,"2008-04-15 07:33:05","FPGIMPORTS","DS","Garlic  Argentina 8   "
27820111,"FX","RD000002","gar012",100,"2008-04-15 07:33:05","FPGIMPORTS","DX","Garlic  Argentina 8   "
27820110,"FX","RD000002","gar012",100,"2008-04-15 07:33:05","FPGIMPORTS","DX","Garlic  Argentina 8   "
27820109,"FX","RD000002","gar012",100,"2008-04-15 07:33:05","FPGIMPORTS","DX","Garlic  Argentina 8   "
27820108,"FX","RD000002","gar012",100,"2008-04-15 07:33:05","FPGIMPORTS","DX","Garlic  Argentina 8   "
27820107,"FX","RD000002","gar012",100,"2008-04-15 07:33:05","FPGIMPORTS","DX","Garlic  Argentina 8   "
27820106,"FX","RD000002","gar012",100,"2008-04-15 07:33:05","FPGIMPORTS","DX","Garlic  Argentina 8   "
27820105,"FX","RD000002","gar012",100,"2008-04-15 07:33:05","FPGIMPORTS","DX","Garlic  Argentina 8   "
27820104,"FX","RD000002","gar012",100,"2008-04-15 07:33:05","FPGIMPORTS","DX","Garlic  Argentina 8   "
27820103,"FX","RD000002","gar012",100,"2008-04-15 07:33:05","FPGIMPORTS","DX","Garlic  Argentina 8   "
27820102,"FX","RD000002","gar012",100,"2008-04-15 07:33:05","FPGIMPORTS","DX","Garlic  Argentina 8   "
27820101,"FX","RD000002","gar012",100,"2008-04-15 07:33:05","FPGIMPORTS","DX","Garlic  Argentina 8   "
27810212,"FX","DDFS0000","sna001",6,"2008-04-15 05:54:12","FPGIMPORTS","DS","Sugar Snap China 2kg   "
27810210,"FX","DDFS0000","sna001",236,"2008-04-15 05:54:12","FPGIMPORTS","DS","Sugar Snap China 2kg   "
27810208,"FX","DDFS0000","sna001",304,"2008-04-15 05:54:12","FPGIMPORTS","DS","Sugar Snap China 2kg   "
27810207,"FX","DDFS0000","sna001",298,"2008-04-15 05:54:12","FPGIMPORTS","DS","Sugar Snap China 2kg   "
27810111,"FX","DDFS0000","sno001",304,"2008-04-15 05:52:54","FPGIMPORTS","DS","Snow Pea China 2kg   "
27810106,"FX","DDFS0000","sno001",68,"2008-04-15 05:52:54","FPGIMPORTS","DS","Snow Pea China 2kg   "
27810105,"FX","RD000001","sno001",304,"2008-04-15 05:52:54","FPGIMPORTS","DS","Snow Pea China 2kg   "
27810104,"FX","RD000001","sno001",304,"2008-04-15 05:52:54","FPGIMPORTS","DX","Snow Pea China 2kg   "
27810102,"FX","DDFS0000","sno001",284,"2008-04-15 05:52:54","FPGIMPORTS","DS","Snow Pea China 2kg   "
27810101,"FX","DDFS0000","sno001",284,"2008-04-15 05:52:54","FPGIMPORTS","DS","Snow Pea China 2kg   "
27800209,"FX","DDFS0000","mng003",96,"2008-04-14 17:14:12","FPGIMPORTS","DS","Mango Mexico 12  Freska "
27800205,"FX","DDFS0000","mng003",120,"2008-04-14 17:14:12","FPGIMPORTS","DS","Mango Mexico 12  Freska "
27800103,"FX","DDFS0000","mng002",120,"2008-04-14 17:13:11","FPGIMPORTS","DS","Mango Mexico 10  Freska "
27800102,"FX","DDFS0000","mng002",120,"2008-04-14 17:13:11","FPGIMPORTS","DS","Mango Mexico 10  Freska "
27800101,"FX","DDFS0000","mng002",120,"2008-04-14 17:13:11","FPGIMPORTS","DS","Mango Mexico 10  Freska "
27790106,"FX","DDFS0000","str003",90,"2008-04-14 16:22:16","FPGIMPORTS","DS","Strawberry USA 12 x 250gm"
27790105,"FX","DDFS0000","str003",90,"2008-04-14 16:22:16","FPGIMPORTS","DS","Strawberry USA 12 x 250gm"
27790104,"FX","DDFS0000","str003",90,"2008-04-14 16:22:16","FPGIMPORTS","DS","Strawberry USA 12 x 250gm"
27790103,"FX","DDFS0000","str003",90,"2008-04-14 16:22:16","FPGIMPORTS","DS","Strawberry USA 12 x 250gm"
27790102,"FX","DDFS0000","str003",90,"2008-04-14 16:22:16","FPGIMPORTS","DS","Strawberry USA 12 x 250gm"
27790101,"FX","DDFS0000","str003",90,"2008-04-14 16:22:16","FPGIMPORTS","DS","Strawberry USA 12 x 250gm"
27780106,"FX","DDFS0000","str003",90,"2008-04-14 16:19:15","FPGIMPORTS","DS","Strawberry USA 12 x 250gm"
27780105,"FX","DDFS0000","str003",90,"2008-04-14 16:19:15","FPGIMPORTS","DS","Strawberry USA 12 x 250gm"
27780104,"FX","DDFS0000","str003",90,"2008-04-14 16:19:15","FPGIMPORTS","DS","Strawberry USA 12 x 250gm"
27780103,"FX","DDFS0000","str003",90,"2008-04-14 16:19:15","FPGIMPORTS","DS","Strawberry USA 12 x 250gm"
27780102,"FX","DDFS0000","str003",90,"2008-04-14 16:19:15","FPGIMPORTS","DS","Strawberry USA 12 x 250gm"
27780101,"FX","DDFS0000","str003",90,"2008-04-14 16:19:15","FPGIMPORTS","DS","Strawberry USA 12 x 250gm"
27740206,"FX","DDFS0000","str003",90,"2008-04-14 12:23:02","FPGIMPORTS","DS","Strawberry USA 12 x 250gm"
27740203,"FX","C3030101","str003",90,"2008-04-14 12:23:02","FPGIMPORTS","DS","Strawberry USA 12 x 250gm"
27740202,"FX","DDFS0000","str003",90,"2008-04-14 12:23:02","FPGIMPORTS","DS","Strawberry USA 12 x 250gm"
27740101,"FX","DDFS0000","str005",96,"2008-04-14 12:22:26","FPGIMPORTS","DS","Strawberry USA Pint 5kg"
27730204,"FX","DDFS0000","str003",90,"2008-04-14 12:17:50","FPGIMPORTS","DS","Strawberry USA 12 x 250gm"
27730203,"FX","DDFS0000","str003",90,"2008-04-14 12:17:50","FPGIMPORTS","DS","Strawberry USA 12 x 250gm"
27730101,"FX","DDFS0000","str005",96,"2008-04-14 12:17:18","FPGIMPORTS","DS","Strawberry USA Pint 5kg"
27710205,"FX","DDFS0000","asp009",40,"2008-04-13 10:32:31","FPGIMPORTS","DS","asparagus (large) 5kg   "
27710203,"FX","DDFS0000","asp009",120,"2008-04-13 10:32:31","FPGIMPORTS","DS","asparagus (large) 5kg   "
27710202,"FX","C5R10101","asp009",120,"2008-04-13 10:32:31","FPGIMPORTS","DS","asparagus (large) 5kg   "
27710101,"FX","DDFS0000","asp008",80,"2008-04-13 10:31:36","FPGIMPORTS","DS","asparagus (medium) 5kg"
27700106,"FX","DDFS0000","str003",90,"2008-04-12 16:05:28","FPGIMPORTS","DS","   "
27700105,"FX","DDFS0000","str003",90,"2008-04-12 16:05:28","FPGIMPORTS","DS","   "
27700104,"FX","DDFS0000","str003",90,"2008-04-12 16:05:28","FPGIMPORTS","DS","   "
27700103,"FX","RD000001","str003",90,"2008-04-12 16:05:28","FPGIMPORTS","DS","   "
27700102,"FX","RD000001","str003",90,"2008-04-12 16:05:28","FPGIMPORTS","DS","   "
27700101,"FX","RD000001","str003",90,"2008-04-12 16:05:28","FPGIMPORTS","DS","   "
27690106,"FX","RD000001","str003",90,"2008-04-12 16:01:29","FPGIMPORTS","DS","Strawberry USA 12 x 250gm"
27690105,"FX","DDFS0000","str003",90,"2008-04-12 16:01:29","FPGIMPORTS","DS","Strawberry USA 12 x 250gm"
27690104,"FX","RD000001","str003",90,"2008-04-12 16:01:29","FPGIMPORTS","DS","Strawberry USA 12 x 250gm"
27690103,"FX","DDFS0000","str003",90,"2008-04-12 16:01:29","FPGIMPORTS","DS","Strawberry USA 12 x 250gm"
27690102,"FX","DDFS0000","str003",90,"2008-04-12 16:01:29","FPGIMPORTS","DS","Strawberry USA 12 x 250gm"
27690101,"FX","DDFS0000","str003",90,"2008-04-12 16:01:29","FPGIMPORTS","DS","Strawberry USA 12 x 250gm"
27680208,"FX","DDFS0000","mng003",120,"2008-04-12 14:23:01","FPGIMPORTS","DS","Mango Mexico 12   "
27680207,"FX","DDFS0000","mng003",120,"2008-04-12 14:23:01","FPGIMPORTS","DS","Mango Mexico 12   "
27680102,"FX","DDFS0000","mng002",120,"2008-04-12 14:21:40","FPGIMPORTS","DS","Mango Mexico 10   "
27660119,"FX","RD000009","gar012",100,"2008-04-11 14:34:35","FPGIMPORTS","DS","   "
27660118,"FX","RD000009","gar012",100,"2008-04-11 14:34:35","FPGIMPORTS","DS","   "
27660117,"FX","RD000009","gar012",100,"2008-04-11 14:34:35","FPGIMPORTS","DX","   "
27660116,"FX","RD000009","gar012",100,"2008-04-11 14:34:35","FPGIMPORTS","DS","   "
27660115,"FX","RD000009","gar012",100,"2008-04-11 14:34:35","FPGIMPORTS","DS","   "
27660114,"FX","RD000009","gar012",100,"2008-04-11 14:34:35","FPGIMPORTS","DS","   "
27660113,"FX","RD000009","gar012",100,"2008-04-11 14:34:35","FPGIMPORTS","DS","   "
27660112,"FX","RD000009","gar012",100,"2008-04-11 14:34:35","FPGIMPORTS","DS","   "
27660111,"FX","RD000009","gar012",100,"2008-04-11 14:34:35","FPGIMPORTS","DS","   "
27660110,"FX","RD000009","gar012",100,"2008-04-11 14:34:35","FPGIMPORTS","DS","   "
27660109,"FX","RD000009","gar012",100,"2008-04-11 14:34:35","FPGIMPORTS","DS","   "
27660108,"FX","RD000009","gar012",100,"2008-04-11 14:34:35","FPGIMPORTS","DS","   "
27660107,"FX","RD000009","gar012",100,"2008-04-11 14:34:35","FPGIMPORTS","DS","   "
27660106,"FX","RD000009","gar012",100,"2008-04-11 14:34:35","FPGIMPORTS","DS","   "
27660105,"FX","RD000009","gar012",100,"2008-04-11 14:34:35","FPGIMPORTS","DS","   "
27660104,"FX","RD000009","gar012",100,"2008-04-11 14:34:35","FPGIMPORTS","DS","   "
27660103,"FX","RD000009","gar012",100,"2008-04-11 14:34:35","FPGIMPORTS","DS","   "
27660102,"FX","RD000009","gar012",100,"2008-04-11 14:34:35","FPGIMPORTS","DS","   "
27660101,"FX","RD000009","gar012",100,"2008-04-11 14:34:35","FPGIMPORTS","DS","   "
27650206,"FX","DDFS0000","str003",90,"2008-04-11 12:57:58","FPGIMPORTS","DS","Strawberry USA 12 x 250gm"
27650205,"FX","DDFS0000","str003",90,"2008-04-11 12:57:58","FPGIMPORTS","DS","Strawberry USA 12 x 250gm"
27650204,"FX","DDFS0000","str003",90,"2008-04-11 12:57:58","FPGIMPORTS","DS","Strawberry USA 12 x 250gm"
27650203,"FX","DDFS0000","str003",90,"2008-04-11 12:57:58","FPGIMPORTS","DS","Strawberry USA 12 x 250gm"
27650102,"FX","DDFS0000","str005",90,"2008-04-11 12:55:46","FPGIMPORTS","DS","Strawberry USA Pint 5kg"
27650101,"FX","DDFS0000","str005",90,"2008-04-11 12:55:46","FPGIMPORTS","DS","Strawberry USA Pint 5kg"
27630106,"FX","DDFS0000","str003",90,"2008-04-11 12:39:09","FPGIMPORTS","DS","Strawberry USA 12 x 250gm"
27630105,"FX","DDFS0000","str003",90,"2008-04-11 12:39:09","FPGIMPORTS","DS","Strawberry USA 12 x 250gm"
27630104,"FX","DDFS0000","str003",90,"2008-04-11 12:39:09","FPGIMPORTS","DS","Strawberry USA 12 x 250gm"
27630103,"FX","DDFS0000","str003",90,"2008-04-11 12:39:09","FPGIMPORTS","DS","Strawberry USA 12 x 250gm"
27630102,"FX","DDFS0000","str003",90,"2008-04-11 12:39:09","FPGIMPORTS","DS","Strawberry USA 12 x 250gm"
27630101,"FX","DDFS0000","str003",90,"2008-04-11 12:39:09","FPGIMPORTS","DS","Strawberry USA 12 x 250gm"
27620120,"FX","DDFS0000","ora002",54,"2008-04-11 04:34:54","FPGIMPORTS","DS","Navel USA 18kg 72"
27620119,"FX","DDFS0000","ora002",54,"2008-04-11 04:34:54","FPGIMPORTS","DS","Navel USA 18kg 72"
27620118,"FX","DDFS0000","ora002",54,"2008-04-11 04:34:54","FPGIMPORTS","DS","Navel USA 18kg 72"
27620117,"FX","DDFS0000","ora002",54,"2008-04-11 04:34:54","FPGIMPORTS","DS","Navel USA 18kg 72"
27620116,"FX","DDFS0000","ora002",54,"2008-04-11 04:34:54","FPGIMPORTS","DS","Navel USA 18kg 72"
27620115,"FX","DDFS0000","ora002",54,"2008-04-11 04:34:54","FPGIMPORTS","DS","Navel USA 18kg 72"
27620114,"FX","DDFS0000","ora002",54,"2008-04-11 04:34:54","FPGIMPORTS","DS","Navel USA 18kg 72"
27620113,"FX","DDFS0000","ora002",54,"2008-04-11 04:34:54","FPGIMPORTS","DS","Navel USA 18kg 72"
27620112,"FX","DDFS0000","ora002",54,"2008-04-11 04:34:54","FPGIMPORTS","DS","Navel USA 18kg 72"
27620111,"FX","DDFS0000","ora002",54,"2008-04-11 04:34:54","FPGIMPORTS","DS","Navel USA 18kg 72"
27620110,"FX","DDFS0000","ora002",54,"2008-04-11 04:34:54","FPGIMPORTS","DS","Navel USA 18kg 72"
27620109,"FX","DDFS0000","ora002",54,"2008-04-11 04:34:54","FPGIMPORTS","DS","Navel USA 18kg 72"
27620108,"FX","DDFS0000","ora002",54,"2008-04-11 04:34:54","FPGIMPORTS","DS","Navel USA 18kg 72"
27620107,"FX","DDFS0000","ora002",54,"2008-04-11 04:34:54","FPGIMPORTS","DS","Navel USA 18kg 72"
27620106,"FX","DDFS0000","ora002",54,"2008-04-11 04:34:54","FPGIMPORTS","DS","Navel USA 18kg 72"
27620105,"FX","DDFS0000","ora002",54,"2008-04-11 04:34:54","FPGIMPORTS","DS","Navel USA 18kg 72"
27620104,"FX","DDFS0000","ora002",54,"2008-04-11 04:34:54","FPGIMPORTS","DS","Navel USA 18kg 72"
27620103,"FX","DDFS0000","ora002",54,"2008-04-11 04:34:54","FPGIMPORTS","DS","Navel USA 18kg 72"
27620102,"FX","DDFS0000","ora002",54,"2008-04-11 04:34:54","FPGIMPORTS","DS","Navel USA 18kg 72"
27620101,"FX","DDFS0000","ora002",54,"2008-04-11 04:34:54","FPGIMPORTS","DS","Navel USA 18kg 72"
27610106,"FX","DDFS0000","str003",90,"2008-04-10 15:45:20","FPGIMPORTS","DS","Strawberry USA 12 x 250gm"
27610104,"FX","DDFS0000","str003",90,"2008-04-10 15:45:20","FPGIMPORTS","DS","Strawberry USA 12 x 250gm"
27610103,"FX","DDFS0000","str003",90,"2008-04-10 15:45:20","FPGIMPORTS","DS","Strawberry USA 12 x 250gm"
27610102,"FX","DDFS0000","str003",90,"2008-04-10 15:45:20","FPGIMPORTS","DS","Strawberry USA 12 x 250gm"
27610101,"FX","DDFS0000","str003",90,"2008-04-10 15:45:20","FPGIMPORTS","DS","Strawberry USA 12 x 250gm"
27590106,"FX","RD000001","asp003",80,"2008-04-10 13:15:35","FPGIMPORTS","DX","Asparagus (27) 5kg Large  "
27590105,"FX","DDFS0000","asp003",80,"2008-04-10 13:15:35","FPGIMPORTS","DS","Asparagus (27) 5kg Large  "
27590103,"FX","DDFS0000","asp003",100,"2008-04-10 13:15:35","FPGIMPORTS","DS","Asparagus (27) 5kg Large  "
27590101,"FX","DDFS0000","asp003",100,"2008-04-10 13:15:35","FPGIMPORTS","DS","Asparagus (27) 5kg Large  "
27580103,"FX","DDFS0000","tes001",100,"2008-04-10 13:08:02","FPGIMPORTS","DS","Fruit - test test test test"
27550106,"FX","DDFS0000","ora002",27,"2008-04-10 09:14:21","FPGIMPORTS","DS","Navel USA 18kg 72   "
27550105,"FX","DDFS0000","ora002",45,"2008-04-10 09:14:21","FPGIMPORTS","DS","Navel USA 18kg 72   "
27550104,"FX","DDFS0000","ora002",45,"2008-04-10 09:14:21","FPGIMPORTS","DS","Navel USA 18kg 72   "
27550103,"FX","DDFS0000","ora002",45,"2008-04-10 09:14:21","FPGIMPORTS","DS","Navel USA 18kg 72   "
27550102,"FX","DDFS0000","ora002",45,"2008-04-10 09:14:21","FPGIMPORTS","DS","Navel USA 18kg 72   "
27550101,"FX","DDFS0000","ora002",45,"2008-04-10 09:14:21","FPGIMPORTS","DS","Navel USA 18kg 72   "
27540102,"FX","DDFS0000","ora002",45,"2008-04-10 09:09:56","FPGIMPORTS","DS","Navel USA 18kg 72   "
27520106,"FX","DDFS0000","ora002",63,"2008-04-09 12:27:04","FPGIMPORTS","DS","Navel USA 18kg 72"
27520105,"FX","DDFS0000","ora002",63,"2008-04-09 12:27:04","FPGIMPORTS","DS","Navel USA 18kg 72"
27520104,"FX","DDFS0000","ora002",63,"2008-04-09 12:27:04","FPGIMPORTS","DS","Navel USA 18kg 72"
27520103,"FX","DDFS0000","ora002",63,"2008-04-09 12:27:04","FPGIMPORTS","DS","Navel USA 18kg 72"
27520102,"FX","DDFS0000","ora002",63,"2008-04-09 12:27:04","FPGIMPORTS","DS","Navel USA 18kg 72"
27520101,"FX","DDFS0000","ora002",63,"2008-04-09 12:27:04","FPGIMPORTS","DS","Navel USA 18kg 72"
27510205,"FX","DDFS0000","asp003",100,"2008-04-09 12:24:02","FPGIMPORTS","DS","Asparagus (27) 5kg Large  "
27510204,"FX","DDFS0000","asp003",100,"2008-04-09 12:24:02","FPGIMPORTS","DS","Asparagus (27) 5kg Large  "
27510103,"FX","DDFS0000","asp001",80,"2008-04-09 12:23:35","FPGIMPORTS","DS","Asparagus (28) 5kg Small  "
27510102,"FX","DDFS0000","asp001",100,"2008-04-09 12:23:35","FPGIMPORTS","DS","Asparagus (28) 5kg Small  "
27510101,"FX","DDFS0000","asp001",100,"2008-04-09 12:23:35","FPGIMPORTS","DS","Asparagus (28) 5kg Small  "
27490107,"FX","RD000001","ora002",40,"2008-04-09 08:48:59","FPGIMPORTS","DS","Navel USA 18kg 72"
27490106,"FX","RD000001","ora002",40,"2008-04-09 08:48:59","FPGIMPORTS","DS","Navel USA 18kg 72"
27490105,"FX","RD000001","ora002",40,"2008-04-09 08:48:59","FPGIMPORTS","DS","Navel USA 18kg 72"
27490104,"FX","RD000001","ora002",40,"2008-04-09 08:48:59","FPGIMPORTS","DS","Navel USA 18kg 72"
27490103,"FX","RD000001","ora002",40,"2008-04-09 08:48:59","FPGIMPORTS","DS","Navel USA 18kg 72"
27490102,"FX","RD000001","ora002",40,"2008-04-09 08:48:59","FPGIMPORTS","DS","Navel USA 18kg 72"
27490101,"FX","RD000001","ora002",40,"2008-04-09 08:48:59","FPGIMPORTS","DS","Navel USA 18kg 72"
27480219,"FX","RD000002","ora002",54,"2008-04-09 08:44:14","FPGIMPORTS","DS","Navel USA 18kg 72"
27480218,"FX","RD000002","ora002",54,"2008-04-09 08:44:14","FPGIMPORTS","DS","Navel USA 18kg 72"
27480217,"FX","DDFS0000","ora002",54,"2008-04-09 08:44:14","FPGIMPORTS","DS","Navel USA 18kg 72"
27480216,"FX","DDFS0000","ora002",54,"2008-04-09 08:44:14","FPGIMPORTS","DS","Navel USA 18kg 72"
27480214,"FX","DDFS0000","ora002",54,"2008-04-09 08:44:14","FPGIMPORTS","DS","Navel USA 18kg 72"
27480213,"FX","DDFS0000","ora002",54,"2008-04-09 08:44:14","FPGIMPORTS","DS","Navel USA 18kg 72"
27480212,"FX","DDFS0000","ora002",54,"2008-04-09 08:44:14","FPGIMPORTS","DS","Navel USA 18kg 72"
27480211,"FX","DDFS0000","ora002",54,"2008-04-09 08:44:14","FPGIMPORTS","DS","Navel USA 18kg 72"
27480210,"FX","DDFS0000","ora002",54,"2008-04-09 08:44:14","FPGIMPORTS","DS","Navel USA 18kg 72"
27480109,"FX","DDFS0000","ora001",54,"2008-04-09 08:43:29","FPGIMPORTS","DS","Navel USA 18kg 56"
27480108,"FX","DDFS0000","ora001",54,"2008-04-09 08:43:29","FPGIMPORTS","DS","Navel USA 18kg 56"
27480107,"FX","DDFS0000","ora001",54,"2008-04-09 08:43:29","FPGIMPORTS","DS","Navel USA 18kg 56"
27480106,"FX","DDFS0000","ora001",54,"2008-04-09 08:43:29","FPGIMPORTS","DS","Navel USA 18kg 56"
27480105,"FX","DDFS0000","ora001",54,"2008-04-09 08:43:29","FPGIMPORTS","DS","Navel USA 18kg 56"
27480104,"FX","DDFS0000","ora001",54,"2008-04-09 08:43:29","FPGIMPORTS","DS","Navel USA 18kg 56"
27480103,"FX","DDFS0000","ora001",54,"2008-04-09 08:43:29","FPGIMPORTS","DS","Navel USA 18kg 56"
27480102,"FX","DDFS0000","ora001",54,"2008-04-09 08:43:29","FPGIMPORTS","DS","Navel USA 18kg 56"
27480101,"FX","DDFS0000","ora001",54,"2008-04-09 08:43:29","FPGIMPORTS","DS","Navel USA 18kg 56"
27460105,"FX","RD000002","asp001",80,"2008-04-08 15:19:10","FPGIMPORTS","DS","Asparagus (28) 5kg Large  "
27460104,"FX","DDFS0000","asp001",100,"2008-04-08 15:19:10","FPGIMPORTS","DS","Asparagus (28) 5kg Large  "
27460103,"FX","RD000002","asp001",100,"2008-04-08 15:19:10","FPGIMPORTS","DS","Asparagus (28) 5kg Large  "
27460102,"FX","RD000002","asp001",100,"2008-04-08 15:19:10","FPGIMPORTS","DS","Asparagus (28) 5kg Large  "
27460101,"FX","RD000002","asp001",100,"2008-04-08 15:19:10","FPGIMPORTS","DS","Asparagus (28) 5kg Large  "
27450106,"FX","DDFS0000","str003",90,"2008-04-08 12:45:07","FPGIMPORTS","DS","Strawberry USA 12 x 250gm"
27450105,"FX","DDFS0000","str003",90,"2008-04-08 12:45:07","FPGIMPORTS","DS","Strawberry USA 12 x 250gm"
27450104,"FX","DDFS0000","str003",90,"2008-04-08 12:45:07","FPGIMPORTS","DS","Strawberry USA 12 x 250gm"
27450103,"FX","DDFS0000","str003",90,"2008-04-08 12:45:07","FPGIMPORTS","DS","Strawberry USA 12 x 250gm"
27450102,"FX","DDFS0000","str003",90,"2008-04-08 12:45:07","FPGIMPORTS","DS","Strawberry USA 12 x 250gm"
27450101,"FX","DDFS0000","str003",90,"2008-04-08 12:45:07","FPGIMPORTS","DS","Strawberry USA 12 x 250gm"
27440106,"FX","DDFS0000","str003",90,"2008-04-08 12:40:54","FPGIMPORTS","DS","Strawberry USA 12 x 250gm"
27440105,"FX","DDFS0000","str003",90,"2008-04-08 12:40:54","FPGIMPORTS","DS","Strawberry USA 12 x 250gm"
27440104,"FX","DDFS0000","str003",90,"2008-04-08 12:40:54","FPGIMPORTS","DS","Strawberry USA 12 x 250gm"
27440103,"FX","DDFS0000","str003",90,"2008-04-08 12:40:54","FPGIMPORTS","DS","Strawberry USA 12 x 250gm"
27440102,"FX","DDFS0000","str003",90,"2008-04-08 12:40:54","FPGIMPORTS","DS","Strawberry USA 12 x 250gm"
27440101,"FX","DDFS0000","str003",90,"2008-04-08 12:40:54","FPGIMPORTS","DS","Strawberry USA 12 x 250gm"
27430113,"FX","DDFS0000","ora002",20,"2008-04-08 08:59:58","FPGIMPORTS","DS","Navel USA 18kg 72   "
27430112,"FX","DDFS0000","ora002",40,"2008-04-08 08:59:58","FPGIMPORTS","DS","Navel USA 18kg 72   "
27430111,"FX","DDFS0000","ora002",40,"2008-04-08 08:59:58","FPGIMPORTS","DS","Navel USA 18kg 72   "
27430110,"FX","DDFS0000","ora002",40,"2008-04-08 08:59:58","FPGIMPORTS","DS","Navel USA 18kg 72   "
27430109,"FX","DDFS0000","ora002",40,"2008-04-08 08:59:58","FPGIMPORTS","DS","Navel USA 18kg 72   "
27430107,"FX","DDFS0000","ora002",40,"2008-04-08 08:59:58","FPGIMPORTS","DS","Navel USA 18kg 72   "
27430106,"FX","DDFS0000","ora002",40,"2008-04-08 08:59:58","FPGIMPORTS","DS","Navel USA 18kg 72   "
27430105,"FX","DDFS0000","ora002",40,"2008-04-08 08:59:58","FPGIMPORTS","DS","Navel USA 18kg 72   "
27430104,"FX","DDFS0000","ora002",40,"2008-04-08 08:59:58","FPGIMPORTS","DS","Navel USA 18kg 72   "
27430102,"FX","DDFS0000","ora002",40,"2008-04-08 08:59:58","FPGIMPORTS","DS","Navel USA 18kg 72   "
27430101,"FX","DDFS0000","ora002",40,"2008-04-08 08:59:58","FPGIMPORTS","DS","Navel USA 18kg 72   "
27420101,"FX","DDFS0000","sha003",200,"2008-04-08 08:31:24","FPGIMPORTS","DS","Shallot NZ 5kg M"
27401032,"FX","C3290201","kiw058",64,"2008-04-08 03:11:15","FPGIMPORTS","DX","Kiwifruit Green Australian  70 10kg"
27400931,"FX","C3290101","kiw087",53,"2008-04-08 03:08:09","FPGIMPORTS","DX","Kiwifruit Green Australian Large 10kg   "
27400930,"FX","C3290102","kiw087",96,"2008-04-08 03:08:09","FPGIMPORTS","DX","Kiwifruit Green Australian Large 10kg   "
27400929,"FX","C3290104","kiw087",96,"2008-04-08 03:08:09","FPGIMPORTS","DX","Kiwifruit Green Australian Large 10kg   "
27400828,"FX","C3300104","kiw086",8,"2008-04-08 03:06:45","FPGIMPORTS","DX","Kiwifruit Green Australian Medium 10kg   "
27400825,"FX","DDFS0000","kiw086",96,"2008-04-08 03:06:45","FPGIMPORTS","DX","Kiwifruit Green Australian Medium 10kg   "
27400824,"FX","DDFS0000","kiw086",96,"2008-04-08 03:06:45","FPGIMPORTS","DX","Kiwifruit Green Australian Medium 10kg   "
27400621,"FX","C3120102","kiw089",18,"2008-04-08 03:02:58","FPGIMPORTS","DX","Kiwifruit Green 140 13kg"
27400519,"FX","C3100101","kiw041",60,"2008-04-08 02:59:26","FPGIMPORTS","DX","Kiwifruit Green 120 13kg   "
27400518,"FX","C3100103","kiw041",60,"2008-04-08 02:59:26","FPGIMPORTS","DX","Kiwifruit Green 120 13kg   "
27400417,"FX","C3090103","kiw040",62,"2008-04-08 02:58:14","FPGIMPORTS","DX","Kiwifruit Green 110 13kg"
27400316,"FX","C3320101","kiw039",20,"2008-04-08 02:57:10","FPGIMPORTS","DX","Kiwifruit Green 100 13kg   "
27400315,"FX","DDFS0000","kiw039",60,"2008-04-08 02:57:10","FPGIMPORTS","DX","Kiwifruit Green 100 13kg   "
27400313,"FX","C3110101","kiw039",60,"2008-04-08 02:57:10","FPGIMPORTS","DX","Kiwifruit Green 100 13kg   "
27400212,"FX","C3070101","kiw038",34,"2008-04-08 02:55:47","FPGIMPORTS","DX","Kiwifruit Green 90 13kg   "
27400211,"FX","C3070102","kiw038",60,"2008-04-08 02:55:47","FPGIMPORTS","DX","Kiwifruit Green 90 13kg   "
27400210,"FX","C3070103","kiw038",60,"2008-04-08 02:55:47","FPGIMPORTS","DX","Kiwifruit Green 90 13kg   "
27400209,"FX","C3070201","kiw038",60,"2008-04-08 02:55:47","FPGIMPORTS","DX","Kiwifruit Green 90 13kg   "
27400208,"FX","C3070203","kiw038",60,"2008-04-08 02:55:47","FPGIMPORTS","DX","Kiwifruit Green 90 13kg   "
27400105,"FX","C3130202","kiw037",60,"2008-04-08 02:53:37","FPGIMPORTS","DX","Kiwifruit Green 84 13kg"
27400104,"FX","C3130203","kiw037",60,"2008-04-08 02:53:37","FPGIMPORTS","DX","Kiwifruit Green 84 13kg"
27400103,"FX","C3130102","kiw037",60,"2008-04-08 02:53:37","FPGIMPORTS","DX","Kiwifruit Green 84 13kg"
27400102,"FX","C3130103","kiw037",60,"2008-04-08 02:53:37","FPGIMPORTS","DX","Kiwifruit Green 84 13kg"
27400101,"FX","C3330201","kiw037",60,"2008-04-08 02:53:37","FPGIMPORTS","DX","Kiwifruit Green 84 13kg"
27390319,"FX","DDFS0000","ora003",54,"2008-04-07 11:46:10","FPGIMPORTS","DS","Navel USA 18kg 88  Airgold "
27390318,"FX","DDFS0000","ora003",54,"2008-04-07 11:46:10","FPGIMPORTS","DS","Navel USA 18kg 88  Airgold "
27390317,"FX","DDFS0000","ora003",54,"2008-04-07 11:46:10","FPGIMPORTS","DS","Navel USA 18kg 88  Airgold "
27390316,"FX","DDFS0000","ora003",54,"2008-04-07 11:46:10","FPGIMPORTS","DS","Navel USA 18kg 88  Airgold "
27390215,"FX","DDFS0000","ora002",54,"2008-04-07 11:45:27","FPGIMPORTS","DS","Navel USA 18kg 72  Airgold "
27390214,"FX","DDFS0000","ora002",54,"2008-04-07 11:45:27","FPGIMPORTS","DS","Navel USA 18kg 72  Airgold "
27390213,"FX","DDFS0000","ora002",54,"2008-04-07 11:45:27","FPGIMPORTS","DS","Navel USA 18kg 72  Airgold "
27390212,"FX","DDFS0000","ora002",54,"2008-04-07 11:45:27","FPGIMPORTS","DS","Navel USA 18kg 72  Airgold "
27390211,"FX","DDFS0000","ora002",54,"2008-04-07 11:45:27","FPGIMPORTS","DS","Navel USA 18kg 72  Airgold "
27390210,"FX","DDFS0000","ora002",54,"2008-04-07 11:45:27","FPGIMPORTS","DS","Navel USA 18kg 72  Airgold "
27390209,"FX","DDFS0000","ora002",54,"2008-04-07 11:45:27","FPGIMPORTS","DS","Navel USA 18kg 72  Airgold "
27390208,"FX","DDFS0000","ora002",54,"2008-04-07 11:45:27","FPGIMPORTS","DS","Navel USA 18kg 72  Airgold "
27390107,"FX","DDFS0000","ora001",48,"2008-04-07 11:43:23","FPGIMPORTS","DS","Navel USA 18kg 56  Airgold "
27390106,"FX","DDFS0000","ora001",42,"2008-04-07 11:43:23","FPGIMPORTS","DS","Navel USA 18kg 56  Airgold "
27390105,"FX","DDFS0000","ora001",54,"2008-04-07 11:43:23","FPGIMPORTS","DS","Navel USA 18kg 56  Airgold "
27390104,"FX","DDFS0000","ora001",54,"2008-04-07 11:43:23","FPGIMPORTS","DS","Navel USA 18kg 56  Airgold "
27390103,"FX","DDFS0000","ora001",54,"2008-04-07 11:43:23","FPGIMPORTS","DS","Navel USA 18kg 56  Airgold "
27390102,"FX","DDFS0000","ora001",54,"2008-04-07 11:43:23","FPGIMPORTS","DS","Navel USA 18kg 56  Airgold "
27390101,"FX","DDFS0000","ora001",54,"2008-04-07 11:43:23","FPGIMPORTS","DS","Navel USA 18kg 56  Airgold "
27380319,"FX","DDFS0000","ora003",54,"2008-04-07 11:37:58","FPGIMPORTS","DS","Navel USA 18kg 88  Airgold "
27380318,"FX","DDFS0000","ora003",54,"2008-04-07 11:37:58","FPGIMPORTS","DS","Navel USA 18kg 88  Airgold "
27380317,"FX","DDFS0000","ora003",54,"2008-04-07 11:37:58","FPGIMPORTS","DS","Navel USA 18kg 88  Airgold "
27380316,"FX","DDFS0000","ora003",54,"2008-04-07 11:37:58","FPGIMPORTS","DS","Navel USA 18kg 88  Airgold "
27380215,"FX","DDFS0000","ora002",54,"2008-04-07 11:37:15","FPGIMPORTS","DS","Navel USA 18kg 72  Airgold "
27380214,"FX","DDFS0000","ora002",54,"2008-04-07 11:37:15","FPGIMPORTS","DS","Navel USA 18kg 72  Airgold "
27380209,"FX","DDFS0000","ora002",54,"2008-04-07 11:37:15","FPGIMPORTS","DS","Navel USA 18kg 72  Airgold "
27380108,"FX","DDFS0000","ora001",49,"2008-04-07 11:36:02","FPGIMPORTS","DS","Navel USA 18kg 56  Airgold "
27380107,"FX","DDFS0000","ora001",39,"2008-04-07 11:36:02","FPGIMPORTS","DS","Navel USA 18kg 56  Airgold "
27380106,"FX","DDFS0000","ora001",54,"2008-04-07 11:36:02","FPGIMPORTS","DS","Navel USA 18kg 56  Airgold "
27380105,"FX","DDFS0000","ora001",54,"2008-04-07 11:36:02","FPGIMPORTS","DS","Navel USA 18kg 56  Airgold "
27380104,"FX","DDFS0000","ora001",54,"2008-04-07 11:36:02","FPGIMPORTS","DS","Navel USA 18kg 56  Airgold "
27380103,"FX","DDFS0000","ora001",54,"2008-04-07 11:36:02","FPGIMPORTS","DS","Navel USA 18kg 56  Airgold "
27380102,"FX","DDFS0000","ora001",54,"2008-04-07 11:36:02","FPGIMPORTS","DS","Navel USA 18kg 56  Airgold "
27380101,"FX","DDFS0000","ora001",54,"2008-04-07 11:36:02","FPGIMPORTS","DS","Navel USA 18kg 56  Airgold "
27370215,"FX","DDFS0000","ora002",54,"2008-04-07 09:24:36","FPGIMPORTS","DS","Navel USA 18kg 72  Airgold "
27370213,"FX","DDFS0000","ora002",54,"2008-04-07 09:24:36","FPGIMPORTS","DS","Navel USA 18kg 72  Airgold "
27370212,"FX","DDFS0000","ora002",54,"2008-04-07 09:24:36","FPGIMPORTS","DS","Navel USA 18kg 72  Airgold "
27370211,"FX","DDFS0000","ora002",54,"2008-04-07 09:24:36","FPGIMPORTS","DS","Navel USA 18kg 72  Airgold "
27370210,"FX","DDFS0000","ora002",54,"2008-04-07 09:24:36","FPGIMPORTS","DS","Navel USA 18kg 72  Airgold "
27370209,"FX","DDFS0000","ora002",54,"2008-04-07 09:24:36","FPGIMPORTS","DS","Navel USA 18kg 72  Airgold "
27370107,"FX","DDFS0000","ora001",24,"2008-04-07 09:23:08","FPGIMPORTS","DS","Navel USA 18kg 56  Airgold "
27370106,"FX","DDFS0000","ora001",39,"2008-04-07 09:23:08","FPGIMPORTS","DS","Navel USA 18kg 56  Airgold "
27370105,"FX","DDFS0000","ora001",54,"2008-04-07 09:23:08","FPGIMPORTS","DS","Navel USA 18kg 56  Airgold "
27370104,"FX","DDFS0000","ora001",54,"2008-04-07 09:23:08","FPGIMPORTS","DS","Navel USA 18kg 56  Airgold "
27370103,"FX","DDFS0000","ora001",54,"2008-04-07 09:23:08","FPGIMPORTS","DS","Navel USA 18kg 56  Airgold "
27370102,"FX","DDFS0000","ora001",54,"2008-04-07 09:23:08","FPGIMPORTS","DS","Navel USA 18kg 56  Airgold "
27370101,"FX","DDFS0000","ora001",54,"2008-04-07 09:23:08","FPGIMPORTS","DS","Navel USA 18kg 56  Airgold "
27330104,"FX","DDFS0000","asp003",120,"2008-04-06 11:59:00","FPGIMPORTS","DS","Asparagus (27) 5kg Large  "
27330103,"FX","DDFS0000","asp003",120,"2008-04-06 11:59:00","FPGIMPORTS","DS","Asparagus (27) 5kg Large  "
27330101,"FX","DDFS0000","asp003",120,"2008-04-06 11:59:00","FPGIMPORTS","DS","Asparagus (27) 5kg Large  "
27280109,"FX","DDFS0000","ora009",65,"2008-04-05 07:14:10","FPGIMPORTS","DS","Navel SPAIN 15kg 2"
27280108,"FX","DDFS0000","ora009",65,"2008-04-05 07:14:10","FPGIMPORTS","DS","Navel SPAIN 15kg 2"
27280107,"FX","DDFS0000","ora009",65,"2008-04-05 07:14:10","FPGIMPORTS","DS","Navel SPAIN 15kg 2"
27280106,"FX","DDFS0000","ora009",65,"2008-04-05 07:14:10","FPGIMPORTS","DS","Navel SPAIN 15kg 2"
27280105,"FX","DDFS0000","ora009",65,"2008-04-05 07:14:10","FPGIMPORTS","DS","Navel SPAIN 15kg 2"
27280104,"FX","DDFS0000","ora009",65,"2008-04-05 07:14:10","FPGIMPORTS","DS","Navel SPAIN 15kg 2"
27280103,"FX","DDFS0000","ora009",65,"2008-04-05 07:14:10","FPGIMPORTS","DS","Navel SPAIN 15kg 2"
27280102,"FX","DDFS0000","ora009",65,"2008-04-05 07:14:10","FPGIMPORTS","DS","Navel SPAIN 15kg 2"
27280101,"FX","DDFS0000","ora009",65,"2008-04-05 07:14:10","FPGIMPORTS","DS","Navel SPAIN 15kg 2"
27270318,"FX","DDFS0000","ora011",65,"2008-04-05 06:56:44","FPGIMPORTS","DS","Navel SPAIN 15kg 4   "
27270107,"FX","C1270101","ora009",23,"2008-04-05 06:54:48","FPGIMPORTS","DS","Navel SPAIN 15kg 2   "
27270106,"FX","DDFS0000","ora009",65,"2008-04-05 06:54:48","FPGIMPORTS","DS","Navel SPAIN 15kg 2   "
27270105,"FX","DDFS0000","ora009",65,"2008-04-05 06:54:48","FPGIMPORTS","DS","Navel SPAIN 15kg 2   "
27270104,"FX","DDFS0000","ora009",65,"2008-04-05 06:54:48","FPGIMPORTS","DS","Navel SPAIN 15kg 2   "
27270103,"FX","DDFS0000","ora009",65,"2008-04-05 06:54:48","FPGIMPORTS","DS","Navel SPAIN 15kg 2   "
27270102,"FX","DDFS0000","ora009",65,"2008-04-05 06:54:48","FPGIMPORTS","DS","Navel SPAIN 15kg 2   "
27270101,"FX","DDFS0000","ora009",65,"2008-04-05 06:54:48","FPGIMPORTS","DS","Navel SPAIN 15kg 2   "
27260105,"FX","DDFS0000","ora009",65,"2008-04-05 06:04:48","FPGIMPORTS","DS","Navel SPAIN 15kg 2"
27260104,"FX","DDFS0000","ora009",65,"2008-04-05 06:04:48","FPGIMPORTS","DS","Navel SPAIN 15kg 2"
27260103,"FX","DDFS0000","ora009",65,"2008-04-05 06:04:48","FPGIMPORTS","DS","Navel SPAIN 15kg 2"
27260102,"FX","DDFS0000","ora009",65,"2008-04-05 06:04:48","FPGIMPORTS","DS","Navel SPAIN 15kg 2"
27260101,"FX","DDFS0000","ora009",65,"2008-04-05 06:04:48","FPGIMPORTS","DS","Navel SPAIN 15kg 2"
27250102,"FX","RD000002","asp001",100,"2008-04-04 15:04:28","FPGIMPORTS","DS","Asparagus (28) 5kg Large  "
27250101,"FX","RD000002","asp001",100,"2008-04-04 15:04:28","FPGIMPORTS","DS","Asparagus (28) 5kg Large  "
27210926,"FX","C3380104","kiw058",80,"2008-04-04 08:12:47","FPGIMPORTS","DX","Kiwifruit Green Australian  70 10kg"
27210825,"FX","DDFS0000","kiw087",96,"2008-04-04 00:35:14","FPGIMPORTS","DS","Kiwifruit Green Australian Large 10kg Hayward  "
27210722,"FX","DDFS0000","kiw086",96,"2008-04-04 00:34:51","FPGIMPORTS","DS","Kiwifruit Green Australian Medium 10kg Hayward  "
27210721,"FX","DDFS0000","kiw086",96,"2008-04-04 00:34:51","FPGIMPORTS","DS","Kiwifruit Green Australian Medium 10kg Hayward  "
27210719,"FX","DDFS0000","kiw086",96,"2008-04-04 00:34:51","FPGIMPORTS","DS","Kiwifruit Green Australian Medium 10kg Hayward  "
27210416,"FX","DDFS0000","kiw040",60,"2008-04-04 00:32:57","FPGIMPORTS","DS","Kiwifruit Green 110 13kg Hayward  "
27210415,"FX","DDFS0000","kiw040",60,"2008-04-04 00:32:57","FPGIMPORTS","DS","Kiwifruit Green 110 13kg Hayward  "
27210314,"FX","DDFS0000","kiw039",60,"2008-04-04 00:32:30","FPGIMPORTS","DS","Kiwifruit Green 100 13kg Hayward  "
27210313,"FX","DDFS0000","kiw039",60,"2008-04-04 00:32:30","FPGIMPORTS","DS","Kiwifruit Green 100 13kg Hayward  "
27210106,"FX","DDFS0000","kiw037",60,"2008-04-04 00:31:06","FPGIMPORTS","DS","Kiwifruit Green 84 13kg Hayward  "
27210104,"FX","DDFS0000","kiw037",60,"2008-04-04 00:31:06","FPGIMPORTS","DS","Kiwifruit Green 84 13kg Hayward  "
27210103,"FX","DDFS0000","kiw037",60,"2008-04-04 00:31:06","FPGIMPORTS","DS","Kiwifruit Green 84 13kg Hayward  "
27170823,"FX","DDFS0000","kiw086",96,"2008-04-03 02:46:41","FPGIMPORTS","DS","Kiwifruit Green Australian Medium 10kg   "
27170822,"FX","C3270301","kiw086",80,"2008-04-03 02:46:41","FPGIMPORTS","DS","Kiwifruit Green Australian Medium 10kg   "
27170821,"FX","DDFS0000","kiw086",80,"2008-04-03 02:46:41","FPGIMPORTS","DS","Kiwifruit Green Australian Medium 10kg   "
27170820,"FX","DDFS0000","kiw086",80,"2008-04-03 02:46:41","FPGIMPORTS","DS","Kiwifruit Green Australian Medium 10kg   "
27170415,"FX","DDFS0000","kiw040",60,"2008-04-03 02:40:13","FPGIMPORTS","DS","Kiwifruit Green 110 13kg"
27170414,"FX","DDFS0000","kiw040",60,"2008-04-03 02:40:13","FPGIMPORTS","DS","Kiwifruit Green 110 13kg"
27170413,"FX","DDFS0000","kiw040",60,"2008-04-03 02:40:13","FPGIMPORTS","DS","Kiwifruit Green 110 13kg"
27170312,"FX","DDFS0000","kiw039",60,"2008-04-03 02:39:21","FPGIMPORTS","DS","Kiwifruit Green 100 13kg"
27170311,"FX","DDFS0000","kiw039",60,"2008-04-03 02:39:21","FPGIMPORTS","DS","Kiwifruit Green 100 13kg"
27170207,"FX","C3110103","kiw038",60,"2008-04-03 02:37:48","FPGIMPORTS","DS","Kiwifruit Green 90 13kg"
27170206,"FX","DDFS0000","kiw038",60,"2008-04-03 02:37:48","FPGIMPORTS","DS","Kiwifruit Green 90 13kg"
27170105,"FX","DDFS0000","kiw037",60,"2008-04-03 02:35:57","FPGIMPORTS","DS","Kiwifruit Green 84 13kg"
27170104,"FX","DDFS0000","kiw037",60,"2008-04-03 02:35:57","FPGIMPORTS","DS","Kiwifruit Green 84 13kg"
27170103,"FX","DDFS0000","kiw037",60,"2008-04-03 02:35:57","FPGIMPORTS","DS","Kiwifruit Green 84 13kg"
27160713,"FX","DDFS0000","kiw086",80,"2008-04-03 01:16:44","FPGIMPORTS","DS","Kiwifruit Green Australian Medium 10kg"
27160712,"FX","DDFS0000","kiw086",80,"2008-04-03 01:16:44","FPGIMPORTS","DS","Kiwifruit Green Australian Medium 10kg"
27160102,"FX","DDFS0000","kiw037",60,"2008-04-03 01:11:55","FPGIMPORTS","DS","Kiwifruit Green 84 13kg"
27160101,"FX","DDFS0000","kiw037",60,"2008-04-03 01:11:55","FPGIMPORTS","DS","Kiwifruit Green 84 13kg"
27140213,"FX","DDFS0000","ora010",65,"2008-04-02 12:28:41","FPGIMPORTS","DS","Navel SPAIN 15kg 3"
27140210,"FX","DDFS0000","ora010",65,"2008-04-02 12:28:41","FPGIMPORTS","DS","Navel SPAIN 15kg 3"
27140209,"FX","DDFS0000","ora010",65,"2008-04-02 12:28:41","FPGIMPORTS","DS","Navel SPAIN 15kg 3"
27140208,"FX","DDFS0000","ora010",65,"2008-04-02 12:28:41","FPGIMPORTS","DS","Navel SPAIN 15kg 3"
27140207,"FX","DDFS0000","ora010",65,"2008-04-02 12:28:41","FPGIMPORTS","DS","Navel SPAIN 15kg 3"
27140206,"FX","DDFS0000","ora010",65,"2008-04-02 12:28:41","FPGIMPORTS","DS","Navel SPAIN 15kg 3"
27140205,"FX","DDFS0000","ora010",65,"2008-04-02 12:28:41","FPGIMPORTS","DS","Navel SPAIN 15kg 3"
27090322,"FX","DDFS0000","ora011",16,"2008-04-01 16:05:44","FPGIMPORTS","DS","Navel SPAIN 15kg 4   "
27090208,"FX","DDFS0000","ora010",65,"2008-04-01 16:04:29","FPGIMPORTS","DX","Navel SPAIN 15kg 3   "
27090205,"FX","DDFS0000","ora010",65,"2008-04-01 16:04:29","FPGIMPORTS","DX","Navel SPAIN 15kg 3   "
27090204,"FX","DDFS0000","ora010",65,"2008-04-01 16:04:29","FPGIMPORTS","DX","Navel SPAIN 15kg 3   "
27080323,"FX","DDFS0000","ora011",3,"2008-04-01 14:22:02","FPGIMPORTS","DS","Navel SPAIN 15kg 4   "
27080322,"FX","DDFS0000","ora011",20,"2008-04-01 14:22:02","FPGIMPORTS","DS","Navel SPAIN 15kg 4   "
27080320,"FX","DDFS0000","ora011",42,"2008-04-01 14:22:02","FPGIMPORTS","DS","Navel SPAIN 15kg 4   "
27080316,"FX","DDFS0000","ora011",65,"2008-04-01 14:22:02","FPGIMPORTS","DS","Navel SPAIN 15kg 4   "
27080214,"FX","DDFS0000","ora010",65,"2008-04-01 14:20:51","FPGIMPORTS","DS","Navel SPAIN 15kg 3"
27080213,"FX","DDFS0000","ora010",65,"2008-04-01 14:20:51","FPGIMPORTS","DS","Navel SPAIN 15kg 3"
27080212,"FX","DDFS0000","ora010",65,"2008-04-01 14:20:51","FPGIMPORTS","DS","Navel SPAIN 15kg 3"
27080211,"FX","DDFS0000","ora010",65,"2008-04-01 14:20:51","FPGIMPORTS","DS","Navel SPAIN 15kg 3"
27080210,"FX","DDFS0000","ora010",65,"2008-04-01 14:20:51","FPGIMPORTS","DS","Navel SPAIN 15kg 3"
27080206,"FX","DDFS0000","ora010",65,"2008-04-01 14:20:51","FPGIMPORTS","DS","Navel SPAIN 15kg 3"
27080205,"FX","DDFS0000","ora010",65,"2008-04-01 14:20:51","FPGIMPORTS","DS","Navel SPAIN 15kg 3"
27080204,"FX","DDFS0000","ora010",65,"2008-04-01 14:20:51","FPGIMPORTS","DS","Navel SPAIN 15kg 3"
27080203,"FX","DDFS0000","ora010",65,"2008-04-01 14:20:51","FPGIMPORTS","DS","Navel SPAIN 15kg 3"
27070720,"FX","DDFS0000","kiw039",12,"2008-04-01 10:18:48","FPGIMPORTS","DS","Kiwifruit Green 100 13kg   "
27070719,"FX","DDFS0000","kiw039",60,"2008-04-01 10:18:48","FPGIMPORTS","DS","Kiwifruit Green 100 13kg   "
27070717,"FX","DDFS0000","kiw039",48,"2008-04-01 10:18:48","FPGIMPORTS","DS","Kiwifruit Green 100 13kg   "
27070515,"FX","DDFS0000","kiw086",80,"2008-04-01 10:07:31","FPGIMPORTS","DS","Kiwifruit Green Australian Medium 10kg"
27070514,"FX","DDFS0000","kiw086",80,"2008-04-01 10:07:31","FPGIMPORTS","DS","Kiwifruit Green Australian Medium 10kg"
27070513,"FX","DDFS0000","kiw086",80,"2008-04-01 10:07:31","FPGIMPORTS","DS","Kiwifruit Green Australian Medium 10kg"
27070512,"FX","DDFS0000","kiw086",80,"2008-04-01 10:07:31","FPGIMPORTS","DS","Kiwifruit Green Australian Medium 10kg"
27070411,"FX","DDFS0000","kiw041",60,"2008-04-01 10:06:56","FPGIMPORTS","DS","Kiwifruit Green 120 13kg"
27070310,"FX","DDFS0000","kiw040",60,"2008-04-01 10:06:30","FPGIMPORTS","DS","Kiwifruit Green 110 13kg"
27070309,"FX","DDFS0000","kiw040",60,"2008-04-01 10:06:30","FPGIMPORTS","DS","Kiwifruit Green 110 13kg"
27070308,"FX","DDFS0000","kiw040",60,"2008-04-01 10:06:30","FPGIMPORTS","DS","Kiwifruit Green 110 13kg"
27040308,"FX","DDFS0000","avo008",109,"2008-04-01 06:31:08","FPGIMPORTS","DS","Avocado 28 5kg Hass  "
27020204,"FX","DDFS0000","str003",90,"2008-03-31 16:21:03","FPGIMPORTS","DS","Strawberry USA 12 x 250gm"
27010813,"FX","DDFS0000","kiw086",80,"2008-03-31 14:37:29","FPGIMPORTS","DS","Kiwifruit Green Australian Medium 10kg Hayward  "
27010811,"FX","DDFS0000","kiw086",80,"2008-03-31 14:37:29","FPGIMPORTS","DS","Kiwifruit Green Australian Medium 10kg Hayward  "
26990715,"FX","DDFS0000","kiw087",80,"2008-03-31 09:25:37","FPGIMPORTS","DS","Kiwifruit Green Australian Large 10kg"
26990714,"FX","DDFS0000","kiw087",80,"2008-03-31 09:25:37","FPGIMPORTS","DS","Kiwifruit Green Australian Large 10kg"
26990713,"FX","DDFS0000","kiw087",80,"2008-03-31 09:25:37","FPGIMPORTS","DS","Kiwifruit Green Australian Large 10kg"
26990612,"FX","DDFS0000","kiw086",80,"2008-03-31 09:24:57","FPGIMPORTS","DS","Kiwifruit Green Australian Medium 10kg"
26990611,"FX","DDFS0000","kiw086",80,"2008-03-31 09:24:57","FPGIMPORTS","DS","Kiwifruit Green Australian Medium 10kg"
26990610,"FX","DDFS0000","kiw086",80,"2008-03-31 09:24:57","FPGIMPORTS","DS","Kiwifruit Green Australian Medium 10kg"
26990609,"FX","DDFS0000","kiw086",80,"2008-03-31 09:24:57","FPGIMPORTS","DS","Kiwifruit Green Australian Medium 10kg"
26990607,"FX","DDFS0000","kiw086",80,"2008-03-31 09:24:57","FPGIMPORTS","DS","Kiwifruit Green Australian Medium 10kg"
26990606,"FX","DDFS0000","kiw086",80,"2008-03-31 09:24:57","FPGIMPORTS","DS","Kiwifruit Green Australian Medium 10kg"
26920414,"FX","DDFS0000","man005",96,"2008-03-30 10:28:34","FPGIMPORTS","DS","Mandarin USA 9kg 24"
26920313,"FX","DDFS0000","man004",96,"2008-03-30 10:27:35","FPGIMPORTS","DS","Mandarin USA 9kg 21"
26920312,"FX","DDFS0000","man004",96,"2008-03-30 10:27:35","FPGIMPORTS","DS","Mandarin USA 9kg 21"
26920311,"FX","DDFS0000","man004",96,"2008-03-30 10:27:35","FPGIMPORTS","DS","Mandarin USA 9kg 21"
26920310,"FX","DDFS0000","man004",96,"2008-03-30 10:27:35","FPGIMPORTS","DS","Mandarin USA 9kg 21"
26920308,"FX","DDFS0000","man004",96,"2008-03-30 10:27:35","FPGIMPORTS","DS","Mandarin USA 9kg 21"
26920307,"FX","DDFS0000","man004",96,"2008-03-30 10:27:35","FPGIMPORTS","DS","Mandarin USA 9kg 21"
26920306,"FX","DDFS0000","man004",96,"2008-03-30 10:27:35","FPGIMPORTS","DS","Mandarin USA 9kg 21"
26920204,"FX","DDFS0000","man001",96,"2008-03-30 10:27:02","FPGIMPORTS","DS","Mandarin USA 9kg 18"
26920202,"FX","DDFS0000","man001",96,"2008-03-30 10:27:02","FPGIMPORTS","DS","Mandarin USA 9kg 18"
26920101,"FX","DDFS0000","man006",96,"2008-03-30 10:26:30","FPGIMPORTS","DS","Mandarin USA 9kg 15"
26910215,"FX","DDFS0000","ora002",54,"2008-03-30 08:48:07","FPGIMPORTS","DS","Navel USA 18kg 72"
26860307,"FX","C3110201","kiw087",80,"2008-03-27 16:59:59","FPGIMPORTS","DS","Kiwifruit Green Australian Large 10kg Hayward  "
26860306,"FX","C3110202","kiw087",80,"2008-03-27 16:59:59","FPGIMPORTS","DS","Kiwifruit Green Australian Large 10kg Hayward  "
26820305,"FX","DDFS0000","kiw087",80,"2008-03-27 13:27:08","FPGIMPORTS","DS","Kiwifruit Green Australian Large 10kg Hayward  "
26820204,"FX","DDFS0000","kiw086",80,"2008-03-27 13:26:41","FPGIMPORTS","DS","Kiwifruit Green Australian Medium 10kg Hayward  "
26820203,"FX","DDFS0000","kiw086",80,"2008-03-27 13:26:41","FPGIMPORTS","DS","Kiwifruit Green Australian Medium 10kg Hayward  "
26750101,"FX","DDFS0000","kiw087",80,"2008-03-26 10:45:58","FPGIMPORTS","DS","Kiwifruit Green Australian Large 10kg Hayward  "
26680828,"FX","DDFS0000","kiw083",80,"2008-03-25 07:40:51","FPGIMPORTS","DS","Kiwifruit Green Australian 120 10kg   "
26680826,"FX","DDFS0000","kiw083",80,"2008-03-25 07:40:51","FPGIMPORTS","DS","Kiwifruit Green Australian 120 10kg   "
26680619,"FX","DDFS0000","kiw061",80,"2008-03-25 07:37:16","FPGIMPORTS","DS","Kiwifruit Green Australian 100 10kg Hayward  "
26680618,"FX","DDFS0000","kiw061",80,"2008-03-25 07:37:16","FPGIMPORTS","DS","Kiwifruit Green Australian 100 10kg Hayward  "
26680617,"FX","DDFS0000","kiw061",80,"2008-03-25 07:37:16","FPGIMPORTS","DS","Kiwifruit Green Australian 100 10kg Hayward  "
26680616,"FX","DDFS0000","kiw061",80,"2008-03-25 07:37:16","FPGIMPORTS","DS","Kiwifruit Green Australian 100 10kg Hayward  "
26680615,"FX","DDFS0000","kiw061",80,"2008-03-25 07:37:16","FPGIMPORTS","DS","Kiwifruit Green Australian 100 10kg Hayward  "
26680410,"FX","DDFS0000","kiw082",80,"2008-03-25 07:35:11","FPGIMPORTS","DS","Kiwifruit Green Australian 84 10kg"
26610103,"FX","C3310201","kiw082",80,"2008-03-20 05:04:16","FPGIMPORTS","DX","Kiwifruit Green Australian 84 10kg"
26610101,"FX","C3350201","kiw082",80,"2008-03-20 05:04:16","FPGIMPORTS","DS","Kiwifruit Green Australian 84 10kg"
25820101,"FX","C3190101","dat012",100,"2008-03-05 09:35:51","FPGIMPORTS","DX","Dates USA Coconut Medjool  "
25690105,"FX","DDFS0000","gfr005",65,"2008-02-29 07:35:16","FPGIMPORTS","DX","Grapefruit Red Israel 35   "
23980421,"FX","DDFS0000","dat024",90,"2008-01-30 11:21:50","FPGIMPORTS","DS","Dates Mexico 500gm Tubs Medjool Golden Palm "
23980420,"FX","DDFS0000","dat024",90,"2008-01-30 11:21:50","FPGIMPORTS","DS","Dates Mexico 500gm Tubs Medjool Golden Palm "
23980419,"FX","DDFS0000","dat024",90,"2008-01-30 11:21:50","FPGIMPORTS","DS","Dates Mexico 500gm Tubs Medjool Golden Palm "
23980417,"FX","DDFS0000","dat024",90,"2008-01-30 11:21:50","FPGIMPORTS","DS","Dates Mexico 500gm Tubs Medjool Golden Palm "
23980314,"FX","DDFS0000","dat023",70,"2008-01-30 11:19:54","FPGIMPORTS","DS","Dates Mexico 900gm Tubs Medjool Golden Palm "
23980313,"FX","DDFS0000","dat023",70,"2008-01-30 11:19:54","FPGIMPORTS","DS","Dates Mexico 900gm Tubs Medjool Golden Palm "
23980210,"FX","DDFS0000","dat017",220,"2008-01-30 11:15:35","FPGIMPORTS","DS","Dates Mexico Fancy Medjool Golden Palm "
23980205,"FX","DDFS0000","dat017",220,"2008-01-30 11:15:35","FPGIMPORTS","DS","Dates Mexico Fancy Medjool Golden Palm "
89300419,"FX","C3160201","dat012",90,"2007-10-25 07:35:13","FPGIMPORTS","DX","Dates USA Coconut   "
